id,title,category,description,price,image_url,attributes
1,Navy Midi Dress (wool),Women's Dresses,"A navy midi dress made from wool. Versatile, elegant, and suitable for semi-formal events. Lightweight, breathable, and tailored fit.",234.19,https://images.pexels.com/photos/22221770/pexels-photo-22221770.jpeg,"{'color': 'navy', 'material': 'wool', 'occasion': 'semi-formal'}"
2,Pink Cocktail Dress (cotton),Women's Dresses,"A pink cocktail dress made from cotton. Versatile, elegant, and suitable for semi-formal events. Lightweight, breathable, and tailored fit.",363.58,https://images.pexels.com/photos/6544078/pexels-photo-6544078.jpeg,"{'color': 'pink', 'material': 'cotton', 'occasion': 'semi-formal'}"
3,Black Maxi Dress (suede),Women's Dresses,"A black maxi dress made from suede. Versatile, elegant, and suitable for semi-formal events. Lightweight, breathable, and tailored fit.",216.23,https://images.pexels.com/photos/3683587/pexels-photo-3683587.jpeg,"{'color': 'black', 'material': 'suede', 'occasion': 'semi-formal'}"
4,Navy Midi Dress (linen),Women's Dresses,"A navy midi dress made from linen. Versatile, elegant, and suitable for semi-formal events. Lightweight, breathable, and tailored fit.",206.91,https://images.pexels.com/photos/4690501/pexels-photo-4690501.jpeg,"{'color': 'navy', 'material': 'linen', 'occasion': 'semi-formal'}"
5,Tan Midi Dress (leather),Women's Dresses,"A tan midi dress made from leather. Versatile, elegant, and suitable for semi-formal events. Lightweight, breathable, and tailored fit.",366.77,https://images.pexels.com/photos/17243579/pexels-photo-17243579.jpeg,"{'color': 'tan', 'material': 'leather', 'occasion': 'semi-formal'}"
6,Ivory Midi Dress (cotton),Women's Dresses,"A ivory midi dress made from cotton. Versatile, elegant, and suitable for semi-formal events. Lightweight, breathable, and tailored fit.",442.36,https://images.pexels.com/photos/8531226/pexels-photo-8531226.jpeg,"{'color': 'ivory', 'material': 'cotton', 'occasion': 'semi-formal'}"
7,Tan Midi Dress (polyester blend),Women's Dresses,"A tan midi dress made from polyester blend. Versatile, elegant, and suitable for semi-formal events. Lightweight, breathable, and tailored fit.",230.81,https://images.pexels.com/photos/4357423/pexels-photo-4357423.jpeg,"{'color': 'tan', 'material': 'polyester blend', 'occasion': 'semi-formal'}"
8,Ivory Wrap Dress (cotton),Women's Dresses,"A ivory wrap dress made from cotton. Versatile, elegant, and suitable for semi-formal events. Lightweight, breathable, and tailored fit.",342.77,https://images.pexels.com/photos/8193584/pexels-photo-8193584.jpeg,"{'color': 'ivory', 'material': 'cotton', 'occasion': 'semi-formal'}"
9,Ivory Cocktail Dress (cotton),Women's Dresses,"A ivory cocktail dress made from cotton. Versatile, elegant, and suitable for semi-formal events. Lightweight, breathable, and tailored fit.",97.99,https://images.pexels.com/photos/3394237/pexels-photo-3394237.jpeg,"{'color': 'ivory', 'material': 'cotton', 'occasion': 'semi-formal'}"
10,Ivory Wrap Dress (cotton),Women's Dresses,"A ivory wrap dress made from cotton. Versatile, elegant, and suitable for semi-formal events. Lightweight, breathable, and tailored fit.",79.26,https://images.pexels.com/photos/4972914/pexels-photo-4972914.jpeg,"{'color': 'ivory', 'material': 'cotton', 'occasion': 'semi-formal'}"
11,Navy Wrap Dress (silk),Women's Dresses,"A navy wrap dress made from silk. Versatile, elegant, and suitable for semi-formal events. Lightweight, breathable, and tailored fit.",376.79,https://images.pexels.com/photos/4972914/pexels-photo-4972914.jpeg,"{'color': 'navy', 'material': 'silk', 'occasion': 'semi-formal'}"
12,Burgundy Wrap Dress (silk),Women's Dresses,"A burgundy wrap dress made from silk. Versatile, elegant, and suitable for semi-formal events. Lightweight, breathable, and tailored fit.",448.27,https://images.pexels.com/photos/9942927/pexels-photo-9942927.jpeg,"{'color': 'burgundy', 'material': 'silk', 'occasion': 'semi-formal'}"
13,Emerald Midi Dress (silk),Women's Dresses,"A emerald midi dress made from silk. Versatile, elegant, and suitable for semi-formal events. Lightweight, breathable, and tailored fit.",76.05,https://images.pexels.com/photos/16297928/pexels-photo-16297928.jpeg,"{'color': 'emerald', 'material': 'silk', 'occasion': 'semi-formal'}"
14,Charcoal Midi Dress (cotton),Women's Dresses,"A charcoal midi dress made from cotton. Versatile, elegant, and suitable for semi-formal events. Lightweight, breathable, and tailored fit.",452.0,https://images.pexels.com/photos/35119097/pexels-photo-35119097.jpeg,"{'color': 'charcoal', 'material': 'cotton', 'occasion': 'semi-formal'}"
15,Charcoal Midi Dress (silk),Women's Dresses,"A charcoal midi dress made from silk. Versatile, elegant, and suitable for semi-formal events. Lightweight, breathable, and tailored fit.",334.24,https://images.pexels.com/photos/6522474/pexels-photo-6522474.jpeg,"{'color': 'charcoal', 'material': 'silk', 'occasion': 'semi-formal'}"
16,Tan Midi Dress (silk),Women's Dresses,"A tan midi dress made from silk. Versatile, elegant, and suitable for semi-formal events. Lightweight, breathable, and tailored fit.",360.41,https://images.pexels.com/photos/10131085/pexels-photo-10131085.jpeg,"{'color': 'tan', 'material': 'silk', 'occasion': 'semi-formal'}"
17,Burgundy Wrap Dress (wool),Women's Dresses,"A burgundy wrap dress made from wool. Versatile, elegant, and suitable for semi-formal events. Lightweight, breathable, and tailored fit.",289.69,https://images.pexels.com/photos/9942927/pexels-photo-9942927.jpeg,"{'color': 'burgundy', 'material': 'wool', 'occasion': 'semi-formal'}"
18,Tan Wrap Dress (polyester blend),Women's Dresses,"A tan wrap dress made from polyester blend. Versatile, elegant, and suitable for semi-formal events. Lightweight, breathable, and tailored fit.",49.09,https://images.pexels.com/photos/10131085/pexels-photo-10131085.jpeg,"{'color': 'tan', 'material': 'polyester blend', 'occasion': 'semi-formal'}"
19,Black Wrap Dress (leather),Women's Dresses,"A black wrap dress made from leather. Versatile, elegant, and suitable for semi-formal events. Lightweight, breathable, and tailored fit.",198.77,https://images.pexels.com/photos/4972914/pexels-photo-4972914.jpeg,"{'color': 'black', 'material': 'leather', 'occasion': 'semi-formal'}"
20,Emerald Cocktail Dress (wool),Women's Dresses,"A emerald cocktail dress made from wool. Versatile, elegant, and suitable for semi-formal events. Lightweight, breathable, and tailored fit.",125.94,https://images.pexels.com/photos/9391499/pexels-photo-9391499.jpeg,"{'color': 'emerald', 'material': 'wool', 'occasion': 'semi-formal'}"
21,Navy Cocktail Dress (linen),Women's Dresses,"A navy cocktail dress made from linen. Versatile, elegant, and suitable for semi-formal events. Lightweight, breathable, and tailored fit.",321.59,https://images.pexels.com/photos/3379279/pexels-photo-3379279.jpeg,"{'color': 'navy', 'material': 'linen', 'occasion': 'semi-formal'}"
22,Black Cocktail Dress (silk),Women's Dresses,"A black cocktail dress made from silk. Versatile, elegant, and suitable for semi-formal events. Lightweight, breathable, and tailored fit.",144.19,https://images.pexels.com/photos/35133816/pexels-photo-35133816.jpeg,"{'color': 'black', 'material': 'silk', 'occasion': 'semi-formal'}"
23,Emerald Cocktail Dress (wool),Women's Dresses,"A emerald cocktail dress made from wool. Versatile, elegant, and suitable for semi-formal events. Lightweight, breathable, and tailored fit.",227.56,https://images.pexels.com/photos/13577766/pexels-photo-13577766.jpeg,"{'color': 'emerald', 'material': 'wool', 'occasion': 'semi-formal'}"
24,Charcoal Midi Dress (suede),Women's Dresses,"A charcoal midi dress made from suede. Versatile, elegant, and suitable for semi-formal events. Lightweight, breathable, and tailored fit.",242.72,https://images.pexels.com/photos/4690501/pexels-photo-4690501.jpeg,"{'color': 'charcoal', 'material': 'suede', 'occasion': 'semi-formal'}"
25,Black Cocktail Dress (polyester blend),Women's Dresses,"A black cocktail dress made from polyester blend. Versatile, elegant, and suitable for semi-formal events. Lightweight, breathable, and tailored fit.",333.82,https://images.pexels.com/photos/6405726/pexels-photo-6405726.jpeg,"{'color': 'black', 'material': 'polyester blend', 'occasion': 'semi-formal'}"
26,Ivory Cocktail Dress (polyester blend),Women's Dresses,"A ivory cocktail dress made from polyester blend. Versatile, elegant, and suitable for semi-formal events. Lightweight, breathable, and tailored fit.",202.69,https://images.pexels.com/photos/3394237/pexels-photo-3394237.jpeg,"{'color': 'ivory', 'material': 'polyester blend', 'occasion': 'semi-formal'}"
27,Black Midi Dress (wool),Women's Dresses,"A black midi dress made from wool. Versatile, elegant, and suitable for semi-formal events. Lightweight, breathable, and tailored fit.",398.98,https://images.pexels.com/photos/19292779/pexels-photo-19292779.jpeg,"{'color': 'black', 'material': 'wool', 'occasion': 'semi-formal'}"
28,Pink Midi Dress (cotton),Women's Dresses,"A pink midi dress made from cotton. Versatile, elegant, and suitable for semi-formal events. Lightweight, breathable, and tailored fit.",96.3,https://images.pexels.com/photos/19880112/pexels-photo-19880112.jpeg,"{'color': 'pink', 'material': 'cotton', 'occasion': 'semi-formal'}"
29,Tan Midi Dress (suede),Women's Dresses,"A tan midi dress made from suede. Versatile, elegant, and suitable for semi-formal events. Lightweight, breathable, and tailored fit.",266.24,https://images.pexels.com/photos/10131085/pexels-photo-10131085.jpeg,"{'color': 'tan', 'material': 'suede', 'occasion': 'semi-formal'}"
30,Pink Cocktail Dress (linen),Women's Dresses,"A pink cocktail dress made from linen. Versatile, elegant, and suitable for semi-formal events. Lightweight, breathable, and tailored fit.",472.5,https://images.pexels.com/photos/27519878/pexels-photo-27519878.jpeg,"{'color': 'pink', 'material': 'linen', 'occasion': 'semi-formal'}"
31,Charcoal Maxi Dress (silk),Women's Dresses,"A charcoal maxi dress made from silk. Versatile, elegant, and suitable for semi-formal events. Lightweight, breathable, and tailored fit.",359.11,https://images.pexels.com/photos/4998599/pexels-photo-4998599.jpeg,"{'color': 'charcoal', 'material': 'silk', 'occasion': 'semi-formal'}"
32,Burgundy Midi Dress (suede),Women's Dresses,"A burgundy midi dress made from suede. Versatile, elegant, and suitable for semi-formal events. Lightweight, breathable, and tailored fit.",441.72,https://images.pexels.com/photos/19511775/pexels-photo-19511775.jpeg,"{'color': 'burgundy', 'material': 'suede', 'occasion': 'semi-formal'}"
33,Tan Midi Dress (silk),Women's Dresses,"A tan midi dress made from silk. Versatile, elegant, and suitable for semi-formal events. Lightweight, breathable, and tailored fit.",347.12,https://images.pexels.com/photos/10131085/pexels-photo-10131085.jpeg,"{'color': 'tan', 'material': 'silk', 'occasion': 'semi-formal'}"
34,Navy Midi Dress (suede),Women's Dresses,"A navy midi dress made from suede. Versatile, elegant, and suitable for semi-formal events. Lightweight, breathable, and tailored fit.",87.52,https://images.pexels.com/photos/10944886/pexels-photo-10944886.jpeg,"{'color': 'navy', 'material': 'suede', 'occasion': 'semi-formal'}"
35,Ivory Maxi Dress (silk),Women's Dresses,"A ivory maxi dress made from silk. Versatile, elegant, and suitable for semi-formal events. Lightweight, breathable, and tailored fit.",126.69,https://images.pexels.com/photos/4171763/pexels-photo-4171763.jpeg,"{'color': 'ivory', 'material': 'silk', 'occasion': 'semi-formal'}"
36,Burgundy Wrap Dress (linen),Women's Dresses,"A burgundy wrap dress made from linen. Versatile, elegant, and suitable for semi-formal events. Lightweight, breathable, and tailored fit.",153.87,https://images.pexels.com/photos/19511775/pexels-photo-19511775.jpeg,"{'color': 'burgundy', 'material': 'linen', 'occasion': 'semi-formal'}"
37,Charcoal Cocktail Dress (cotton),Women's Dresses,"A charcoal cocktail dress made from cotton. Versatile, elegant, and suitable for semi-formal events. Lightweight, breathable, and tailored fit.",357.19,https://images.pexels.com/photos/7322119/pexels-photo-7322119.jpeg,"{'color': 'charcoal', 'material': 'cotton', 'occasion': 'semi-formal'}"
38,Ivory Cocktail Dress (polyester blend),Women's Dresses,"A ivory cocktail dress made from polyester blend. Versatile, elegant, and suitable for semi-formal events. Lightweight, breathable, and tailored fit.",268.99,https://images.pexels.com/photos/3379279/pexels-photo-3379279.jpeg,"{'color': 'ivory', 'material': 'polyester blend', 'occasion': 'semi-formal'}"
39,Emerald Cocktail Dress (wool),Women's Dresses,"A emerald cocktail dress made from wool. Versatile, elegant, and suitable for semi-formal events. Lightweight, breathable, and tailored fit.",356.2,https://images.pexels.com/photos/13577766/pexels-photo-13577766.jpeg,"{'color': 'emerald', 'material': 'wool', 'occasion': 'semi-formal'}"
40,Emerald Maxi Dress (silk),Women's Dresses,"A emerald maxi dress made from silk. Versatile, elegant, and suitable for semi-formal events. Lightweight, breathable, and tailored fit.",109.67,https://images.pexels.com/photos/16297928/pexels-photo-16297928.jpeg,"{'color': 'emerald', 'material': 'silk', 'occasion': 'semi-formal'}"
41,Black Wrap Dress (silk),Women's Dresses,"A black wrap dress made from silk. Versatile, elegant, and suitable for semi-formal events. Lightweight, breathable, and tailored fit.",57.89,https://images.pexels.com/photos/4972914/pexels-photo-4972914.jpeg,"{'color': 'black', 'material': 'silk', 'occasion': 'semi-formal'}"
42,Ivory Maxi Dress (leather),Women's Dresses,"A ivory maxi dress made from leather. Versatile, elegant, and suitable for semi-formal events. Lightweight, breathable, and tailored fit.",312.27,https://images.pexels.com/photos/4998599/pexels-photo-4998599.jpeg,"{'color': 'ivory', 'material': 'leather', 'occasion': 'semi-formal'}"
43,Blush Cocktail Dress (cotton),Women's Dresses,"A blush cocktail dress made from cotton. Versatile, elegant, and suitable for semi-formal events. Lightweight, breathable, and tailored fit.",287.2,https://images.pexels.com/photos/4694509/pexels-photo-4694509.jpeg,"{'color': 'blush', 'material': 'cotton', 'occasion': 'semi-formal'}"
44,Tan Cocktail Dress (silk),Women's Dresses,"A tan cocktail dress made from silk. Versatile, elegant, and suitable for semi-formal events. Lightweight, breathable, and tailored fit.",79.32,https://images.pexels.com/photos/4694509/pexels-photo-4694509.jpeg,"{'color': 'tan', 'material': 'silk', 'occasion': 'semi-formal'}"
45,Navy Midi Dress (leather),Women's Dresses,"A navy midi dress made from leather. Versatile, elegant, and suitable for semi-formal events. Lightweight, breathable, and tailored fit.",488.23,https://images.pexels.com/photos/10944886/pexels-photo-10944886.jpeg,"{'color': 'navy', 'material': 'leather', 'occasion': 'semi-formal'}"
46,Charcoal Midi Dress (cotton),Women's Dresses,"A charcoal midi dress made from cotton. Versatile, elegant, and suitable for semi-formal events. Lightweight, breathable, and tailored fit.",323.12,https://images.pexels.com/photos/4690501/pexels-photo-4690501.jpeg,"{'color': 'charcoal', 'material': 'cotton', 'occasion': 'semi-formal'}"
47,Burgundy Cocktail Dress (polyester blend),Women's Dresses,"A burgundy cocktail dress made from polyester blend. Versatile, elegant, and suitable for semi-formal events. Lightweight, breathable, and tailored fit.",236.59,https://images.pexels.com/photos/4694509/pexels-photo-4694509.jpeg,"{'color': 'burgundy', 'material': 'polyester blend', 'occasion': 'semi-formal'}"
48,Burgundy Cocktail Dress (wool),Women's Dresses,"A burgundy cocktail dress made from wool. Versatile, elegant, and suitable for semi-formal events. Lightweight, breathable, and tailored fit.",82.56,https://images.pexels.com/photos/19511775/pexels-photo-19511775.jpeg,"{'color': 'burgundy', 'material': 'wool', 'occasion': 'semi-formal'}"
49,Navy Maxi Dress (suede),Women's Dresses,"A navy maxi dress made from suede. Versatile, elegant, and suitable for semi-formal events. Lightweight, breathable, and tailored fit.",240.45,https://images.pexels.com/photos/10944886/pexels-photo-10944886.jpeg,"{'color': 'navy', 'material': 'suede', 'occasion': 'semi-formal'}"
50,Black Wrap Dress (polyester blend),Women's Dresses,"A black wrap dress made from polyester blend. Versatile, elegant, and suitable for semi-formal events. Lightweight, breathable, and tailored fit.",171.64,https://images.pexels.com/photos/4972914/pexels-photo-4972914.jpeg,"{'color': 'black', 'material': 'polyester blend', 'occasion': 'semi-formal'}"
51,Burgundy Tuxedo (wool),Men's Suits,"A burgundy tuxedo made from wool. Versatile, elegant, and suitable for semi-formal events. Lightweight, breathable, and tailored fit.",117.31,https://images.pexels.com/photos/8915658/pexels-photo-8915658.jpeg,"{'color': 'burgundy', 'material': 'wool', 'occasion': 'casual'}"
52,Tan Tuxedo (cotton),Men's Suits,"A tan tuxedo made from cotton. Versatile, elegant, and suitable for semi-formal events. Lightweight, breathable, and tailored fit.",402.26,https://images.pexels.com/photos/8915641/pexels-photo-8915641.jpeg,"{'color': 'tan', 'material': 'cotton', 'occasion': 'casual'}"
53,Navy Morning Coat (suede),Men's Suits,"A navy morning coat made from suede. Versatile, elegant, and suitable for semi-formal events. Lightweight, breathable, and tailored fit.",153.94,https://images.pexels.com/photos/33502687/pexels-photo-33502687.jpeg,"{'color': 'navy', 'material': 'suede', 'occasion': 'casual'}"
54,Pink Blazer (wool),Men's Suits,"A pink blazer made from wool. Versatile, elegant, and suitable for semi-formal events. Lightweight, breathable, and tailored fit.",328.62,https://images.pexels.com/photos/32834418/pexels-photo-32834418.jpeg,"{'color': 'pink', 'material': 'wool', 'occasion': 'casual'}"
55,Burgundy Morning Coat (silk),Men's Suits,"A burgundy morning coat made from silk. Versatile, elegant, and suitable for semi-formal events. Lightweight, breathable, and tailored fit.",218.53,https://images.pexels.com/photos/33502687/pexels-photo-33502687.jpeg,"{'color': 'burgundy', 'material': 'silk', 'occasion': 'casual'}"
56,Emerald Two-Piece Suit (leather),Men's Suits,"A emerald two-piece suit made from leather. Versatile, elegant, and suitable for semi-formal events. Lightweight, breathable, and tailored fit.",161.26,https://images.pexels.com/photos/7841854/pexels-photo-7841854.jpeg,"{'color': 'emerald', 'material': 'leather', 'occasion': 'semi-formal'}"
57,Blush Morning Coat (silk),Men's Suits,"A blush morning coat made from silk. Versatile, elegant, and suitable for semi-formal events. Lightweight, breathable, and tailored fit.",236.33,https://images.pexels.com/photos/33502687/pexels-photo-33502687.jpeg,"{'color': 'blush', 'material': 'silk', 'occasion': 'casual'}"
58,Emerald Blazer (wool),Men's Suits,"A emerald blazer made from wool. Versatile, elegant, and suitable for semi-formal events. Lightweight, breathable, and tailored fit.",149.41,https://images.pexels.com/photos/10320228/pexels-photo-10320228.jpeg,"{'color': 'emerald', 'material': 'wool', 'occasion': 'casual'}"
59,Pink Two-Piece Suit (linen),Men's Suits,"A pink two-piece suit made from linen. Versatile, elegant, and suitable for semi-formal events. Lightweight, breathable, and tailored fit.",50.15,https://images.pexels.com/photos/34769615/pexels-photo-34769615.jpeg,"{'color': 'pink', 'material': 'linen', 'occasion': 'semi-formal'}"
60,Navy Blazer (cotton),Men's Suits,"A navy blazer made from cotton. Versatile, elegant, and suitable for semi-formal events. Lightweight, breathable, and tailored fit.",487.31,https://images.pexels.com/photos/10320228/pexels-photo-10320228.jpeg,"{'color': 'navy', 'material': 'cotton', 'occasion': 'casual'}"
61,Burgundy Two-Piece Suit (linen),Men's Suits,"A burgundy two-piece suit made from linen. Versatile, elegant, and suitable for semi-formal events. Lightweight, breathable, and tailored fit.",77.71,https://images.pexels.com/photos/35082002/pexels-photo-35082002.jpeg,"{'color': 'burgundy', 'material': 'linen', 'occasion': 'semi-formal'}"
62,Ivory Blazer (silk),Men's Suits,"A ivory blazer made from silk. Versatile, elegant, and suitable for semi-formal events. Lightweight, breathable, and tailored fit.",142.34,https://images.pexels.com/photos/7203892/pexels-photo-7203892.jpeg,"{'color': 'ivory', 'material': 'silk', 'occasion': 'casual'}"
63,Navy Morning Coat (silk),Men's Suits,"A navy morning coat made from silk. Versatile, elegant, and suitable for semi-formal events. Lightweight, breathable, and tailored fit.",230.26,https://images.pexels.com/photos/3781911/pexels-photo-3781911.jpeg,"{'color': 'navy', 'material': 'silk', 'occasion': 'casual'}"
64,Burgundy Tuxedo (polyester blend),Men's Suits,"A burgundy tuxedo made from polyester blend. Versatile, elegant, and suitable for semi-formal events. Lightweight, breathable, and tailored fit.",205.19,https://images.pexels.com/photos/18272977/pexels-photo-18272977.png,"{'color': 'burgundy', 'material': 'polyester blend', 'occasion': 'casual'}"
65,Emerald Two-Piece Suit (polyester blend),Men's Suits,"A emerald two-piece suit made from polyester blend. Versatile, elegant, and suitable for semi-formal events. Lightweight, breathable, and tailored fit.",472.01,https://images.pexels.com/photos/34769615/pexels-photo-34769615.jpeg,"{'color': 'emerald', 'material': 'polyester blend', 'occasion': 'semi-formal'}"
66,Burgundy Blazer (linen),Men's Suits,"A burgundy blazer made from linen. Versatile, elegant, and suitable for semi-formal events. Lightweight, breathable, and tailored fit.",493.56,https://images.pexels.com/photos/35082003/pexels-photo-35082003.jpeg,"{'color': 'burgundy', 'material': 'linen', 'occasion': 'casual'}"
67,Burgundy Two-Piece Suit (polyester blend),Men's Suits,"A burgundy two-piece suit made from polyester blend. Versatile, elegant, and suitable for semi-formal events. Lightweight, breathable, and tailored fit.",204.03,https://images.pexels.com/photos/2865977/pexels-photo-2865977.jpeg,"{'color': 'burgundy', 'material': 'polyester blend', 'occasion': 'semi-formal'}"
68,Tan Morning Coat (polyester blend),Men's Suits,"A tan morning coat made from polyester blend. Versatile, elegant, and suitable for semi-formal events. Lightweight, breathable, and tailored fit.",69.41,https://images.pexels.com/photos/3781911/pexels-photo-3781911.jpeg,"{'color': 'tan', 'material': 'polyester blend', 'occasion': 'casual'}"
69,Emerald Blazer (cotton),Men's Suits,"A emerald blazer made from cotton. Versatile, elegant, and suitable for semi-formal events. Lightweight, breathable, and tailored fit.",42.5,https://images.pexels.com/photos/10679176/pexels-photo-10679176.jpeg,"{'color': 'emerald', 'material': 'cotton', 'occasion': 'casual'}"
70,Tan Tuxedo (cotton),Men's Suits,"A tan tuxedo made from cotton. Versatile, elegant, and suitable for semi-formal events. Lightweight, breathable, and tailored fit.",338.51,https://images.pexels.com/photos/8915658/pexels-photo-8915658.jpeg,"{'color': 'tan', 'material': 'cotton', 'occasion': 'casual'}"
71,Ivory Tuxedo (silk),Men's Suits,"A ivory tuxedo made from silk. Versatile, elegant, and suitable for semi-formal events. Lightweight, breathable, and tailored fit.",257.19,https://images.pexels.com/photos/8915641/pexels-photo-8915641.jpeg,"{'color': 'ivory', 'material': 'silk', 'occasion': 'casual'}"
72,Ivory Blazer (linen),Men's Suits,"A ivory blazer made from linen. Versatile, elegant, and suitable for semi-formal events. Lightweight, breathable, and tailored fit.",139.67,https://images.pexels.com/photos/10679176/pexels-photo-10679176.jpeg,"{'color': 'ivory', 'material': 'linen', 'occasion': 'casual'}"
73,Charcoal Tuxedo (suede),Men's Suits,"A charcoal tuxedo made from suede. Versatile, elegant, and suitable for semi-formal events. Lightweight, breathable, and tailored fit.",343.26,https://images.pexels.com/photos/6405753/pexels-photo-6405753.jpeg,"{'color': 'charcoal', 'material': 'suede', 'occasion': 'casual'}"
74,Burgundy Two-Piece Suit (wool),Men's Suits,"A burgundy two-piece suit made from wool. Versatile, elegant, and suitable for semi-formal events. Lightweight, breathable, and tailored fit.",105.91,https://images.pexels.com/photos/2865977/pexels-photo-2865977.jpeg,"{'color': 'burgundy', 'material': 'wool', 'occasion': 'semi-formal'}"
75,Ivory Two-Piece Suit (leather),Men's Suits,"A ivory two-piece suit made from leather. Versatile, elegant, and suitable for semi-formal events. Lightweight, breathable, and tailored fit.",439.53,https://images.pexels.com/photos/7841505/pexels-photo-7841505.jpeg,"{'color': 'ivory', 'material': 'leather', 'occasion': 'semi-formal'}"
76,Ivory Blazer (leather),Men's Suits,"A ivory blazer made from leather. Versatile, elegant, and suitable for semi-formal events. Lightweight, breathable, and tailored fit.",488.99,https://images.pexels.com/photos/10679176/pexels-photo-10679176.jpeg,"{'color': 'ivory', 'material': 'leather', 'occasion': 'casual'}"
77,Ivory Blazer (suede),Men's Suits,"A ivory blazer made from suede. Versatile, elegant, and suitable for semi-formal events. Lightweight, breathable, and tailored fit.",440.93,https://images.pexels.com/photos/10679176/pexels-photo-10679176.jpeg,"{'color': 'ivory', 'material': 'suede', 'occasion': 'casual'}"
78,Emerald Morning Coat (linen),Men's Suits,"A emerald morning coat made from linen. Versatile, elegant, and suitable for semi-formal events. Lightweight, breathable, and tailored fit.",374.61,https://images.pexels.com/photos/33502687/pexels-photo-33502687.jpeg,"{'color': 'emerald', 'material': 'linen', 'occasion': 'casual'}"
79,Blush Tuxedo (suede),Men's Suits,"A blush tuxedo made from suede. Versatile, elegant, and suitable for semi-formal events. Lightweight, breathable, and tailored fit.",374.06,https://images.pexels.com/photos/6405753/pexels-photo-6405753.jpeg,"{'color': 'blush', 'material': 'suede', 'occasion': 'casual'}"
80,Burgundy Two-Piece Suit (leather),Men's Suits,"A burgundy two-piece suit made from leather. Versatile, elegant, and suitable for semi-formal events. Lightweight, breathable, and tailored fit.",293.02,https://images.pexels.com/photos/2865977/pexels-photo-2865977.jpeg,"{'color': 'burgundy', 'material': 'leather', 'occasion': 'semi-formal'}"
81,Blush Morning Coat (polyester blend),Men's Suits,"A blush morning coat made from polyester blend. Versatile, elegant, and suitable for semi-formal events. Lightweight, breathable, and tailored fit.",410.53,https://images.pexels.com/photos/3781911/pexels-photo-3781911.jpeg,"{'color': 'blush', 'material': 'polyester blend', 'occasion': 'casual'}"
82,Black Tuxedo (polyester blend),Men's Suits,"A black tuxedo made from polyester blend. Versatile, elegant, and suitable for semi-formal events. Lightweight, breathable, and tailored fit.",42.54,https://images.pexels.com/photos/24033110/pexels-photo-24033110.jpeg,"{'color': 'black', 'material': 'polyester blend', 'occasion': 'casual'}"
83,Pink Tuxedo (suede),Men's Suits,"A pink tuxedo made from suede. Versatile, elegant, and suitable for semi-formal events. Lightweight, breathable, and tailored fit.",142.91,https://images.pexels.com/photos/8485482/pexels-photo-8485482.jpeg,"{'color': 'pink', 'material': 'suede', 'occasion': 'casual'}"
84,Pink Two-Piece Suit (suede),Men's Suits,"A pink two-piece suit made from suede. Versatile, elegant, and suitable for semi-formal events. Lightweight, breathable, and tailored fit.",80.61,https://images.pexels.com/photos/13588714/pexels-photo-13588714.jpeg,"{'color': 'pink', 'material': 'suede', 'occasion': 'semi-formal'}"
85,Black Blazer (wool),Men's Suits,"A black blazer made from wool. Versatile, elegant, and suitable for semi-formal events. Lightweight, breathable, and tailored fit.",130.8,https://images.pexels.com/photos/14965555/pexels-photo-14965555.jpeg,"{'color': 'black', 'material': 'wool', 'occasion': 'casual'}"
86,Navy Morning Coat (suede),Men's Suits,"A navy morning coat made from suede. Versatile, elegant, and suitable for semi-formal events. Lightweight, breathable, and tailored fit.",288.13,https://images.pexels.com/photos/8276591/pexels-photo-8276591.jpeg,"{'color': 'navy', 'material': 'suede', 'occasion': 'casual'}"
87,Blush Tuxedo (polyester blend),Men's Suits,"A blush tuxedo made from polyester blend. Versatile, elegant, and suitable for semi-formal events. Lightweight, breathable, and tailored fit.",348.32,https://images.pexels.com/photos/8915641/pexels-photo-8915641.jpeg,"{'color': 'blush', 'material': 'polyester blend', 'occasion': 'casual'}"
88,Emerald Morning Coat (polyester blend),Men's Suits,"A emerald morning coat made from polyester blend. Versatile, elegant, and suitable for semi-formal events. Lightweight, breathable, and tailored fit.",144.02,https://images.pexels.com/photos/33502687/pexels-photo-33502687.jpeg,"{'color': 'emerald', 'material': 'polyester blend', 'occasion': 'casual'}"
89,Tan Tuxedo (leather),Men's Suits,"A tan tuxedo made from leather. Versatile, elegant, and suitable for semi-formal events. Lightweight, breathable, and tailored fit.",479.95,https://images.pexels.com/photos/8915641/pexels-photo-8915641.jpeg,"{'color': 'tan', 'material': 'leather', 'occasion': 'casual'}"
90,Tan Blazer (leather),Men's Suits,"A tan blazer made from leather. Versatile, elegant, and suitable for semi-formal events. Lightweight, breathable, and tailored fit.",329.38,https://images.pexels.com/photos/7203892/pexels-photo-7203892.jpeg,"{'color': 'tan', 'material': 'leather', 'occasion': 'casual'}"
91,Ivory Two-Piece Suit (leather),Men's Suits,"A ivory two-piece suit made from leather. Versatile, elegant, and suitable for semi-formal events. Lightweight, breathable, and tailored fit.",195.62,https://images.pexels.com/photos/7841505/pexels-photo-7841505.jpeg,"{'color': 'ivory', 'material': 'leather', 'occasion': 'semi-formal'}"
92,Black Two-Piece Suit (polyester blend),Men's Suits,"A black two-piece suit made from polyester blend. Versatile, elegant, and suitable for semi-formal events. Lightweight, breathable, and tailored fit.",367.96,https://images.pexels.com/photos/6285100/pexels-photo-6285100.jpeg,"{'color': 'black', 'material': 'polyester blend', 'occasion': 'semi-formal'}"
93,Black Blazer (linen),Men's Suits,"A black blazer made from linen. Versatile, elegant, and suitable for semi-formal events. Lightweight, breathable, and tailored fit.",400.07,https://images.pexels.com/photos/10679176/pexels-photo-10679176.jpeg,"{'color': 'black', 'material': 'linen', 'occasion': 'casual'}"
94,Black Blazer (silk),Men's Suits,"A black blazer made from silk. Versatile, elegant, and suitable for semi-formal events. Lightweight, breathable, and tailored fit.",122.91,https://images.pexels.com/photos/14965555/pexels-photo-14965555.jpeg,"{'color': 'black', 'material': 'silk', 'occasion': 'casual'}"
95,Ivory Two-Piece Suit (suede),Men's Suits,"A ivory two-piece suit made from suede. Versatile, elegant, and suitable for semi-formal events. Lightweight, breathable, and tailored fit.",191.17,https://images.pexels.com/photos/34769615/pexels-photo-34769615.jpeg,"{'color': 'ivory', 'material': 'suede', 'occasion': 'semi-formal'}"
96,Navy Blazer (suede),Men's Suits,"A navy blazer made from suede. Versatile, elegant, and suitable for semi-formal events. Lightweight, breathable, and tailored fit.",166.83,https://images.pexels.com/photos/7203892/pexels-photo-7203892.jpeg,"{'color': 'navy', 'material': 'suede', 'occasion': 'casual'}"
97,Ivory Blazer (leather),Men's Suits,"A ivory blazer made from leather. Versatile, elegant, and suitable for semi-formal events. Lightweight, breathable, and tailored fit.",389.91,https://images.pexels.com/photos/10679176/pexels-photo-10679176.jpeg,"{'color': 'ivory', 'material': 'leather', 'occasion': 'casual'}"
98,Ivory Two-Piece Suit (silk),Men's Suits,"A ivory two-piece suit made from silk. Versatile, elegant, and suitable for semi-formal events. Lightweight, breathable, and tailored fit.",366.9,https://images.pexels.com/photos/7841854/pexels-photo-7841854.jpeg,"{'color': 'ivory', 'material': 'silk', 'occasion': 'semi-formal'}"
99,Blush Tuxedo (silk),Men's Suits,"A blush tuxedo made from silk. Versatile, elegant, and suitable for semi-formal events. Lightweight, breathable, and tailored fit.",188.22,https://images.pexels.com/photos/8915641/pexels-photo-8915641.jpeg,"{'color': 'blush', 'material': 'silk', 'occasion': 'casual'}"
100,Black Morning Coat (polyester blend),Men's Suits,"A black morning coat made from polyester blend. Versatile, elegant, and suitable for semi-formal events. Lightweight, breathable, and tailored fit.",441.53,https://images.pexels.com/photos/22481683/pexels-photo-22481683.jpeg,"{'color': 'black', 'material': 'polyester blend', 'occasion': 'casual'}"
101,Charcoal Puffer Jacket (polyester blend),Outerwear,"A charcoal puffer jacket made from polyester blend. Versatile, elegant, and suitable for semi-formal events. Lightweight, breathable, and tailored fit.",141.8,https://images.pexels.com/photos/7147437/pexels-photo-7147437.jpeg,"{'color': 'charcoal', 'material': 'polyester blend', 'occasion': 'casual'}"
102,Tan Wool Coat (linen),Outerwear,"A tan wool coat made from linen. Versatile, elegant, and suitable for semi-formal events. Lightweight, breathable, and tailored fit.",256.11,https://images.pexels.com/photos/8113002/pexels-photo-8113002.jpeg,"{'color': 'tan', 'material': 'linen', 'occasion': 'casual'}"
103,Charcoal Puffer Jacket (cotton),Outerwear,"A charcoal puffer jacket made from cotton. Versatile, elegant, and suitable for semi-formal events. Lightweight, breathable, and tailored fit.",154.87,https://images.pexels.com/photos/26936522/pexels-photo-26936522.jpeg,"{'color': 'charcoal', 'material': 'cotton', 'occasion': 'casual'}"
104,Black Trench Coat (suede),Outerwear,"A black trench coat made from suede. Versatile, elegant, and suitable for semi-formal events. Lightweight, breathable, and tailored fit.",293.16,https://images.pexels.com/photos/9565917/pexels-photo-9565917.jpeg,"{'color': 'black', 'material': 'suede', 'occasion': 'casual'}"
105,Emerald Trench Coat (polyester blend),Outerwear,"A emerald trench coat made from polyester blend. Versatile, elegant, and suitable for semi-formal events. Lightweight, breathable, and tailored fit.",343.89,https://images.pexels.com/photos/33647385/pexels-photo-33647385.jpeg,"{'color': 'emerald', 'material': 'polyester blend', 'occasion': 'casual'}"
106,Pink Puffer Jacket (polyester blend),Outerwear,"A pink puffer jacket made from polyester blend. Versatile, elegant, and suitable for semi-formal events. Lightweight, breathable, and tailored fit.",345.7,https://images.pexels.com/photos/15490489/pexels-photo-15490489.jpeg,"{'color': 'pink', 'material': 'polyester blend', 'occasion': 'casual'}"
107,Charcoal Puffer Jacket (silk),Outerwear,"A charcoal puffer jacket made from silk. Versatile, elegant, and suitable for semi-formal events. Lightweight, breathable, and tailored fit.",475.63,https://images.pexels.com/photos/7026778/pexels-photo-7026778.jpeg,"{'color': 'charcoal', 'material': 'silk', 'occasion': 'casual'}"
108,Ivory Trench Coat (polyester blend),Outerwear,"A ivory trench coat made from polyester blend. Versatile, elegant, and suitable for semi-formal events. Lightweight, breathable, and tailored fit.",368.25,https://images.pexels.com/photos/33647385/pexels-photo-33647385.jpeg,"{'color': 'ivory', 'material': 'polyester blend', 'occasion': 'casual'}"
109,Emerald Puffer Jacket (silk),Outerwear,"A emerald puffer jacket made from silk. Versatile, elegant, and suitable for semi-formal events. Lightweight, breathable, and tailored fit.",331.96,https://images.pexels.com/photos/7147437/pexels-photo-7147437.jpeg,"{'color': 'emerald', 'material': 'silk', 'occasion': 'casual'}"
110,Charcoal Puffer Jacket (silk),Outerwear,"A charcoal puffer jacket made from silk. Versatile, elegant, and suitable for semi-formal events. Lightweight, breathable, and tailored fit.",474.75,https://images.pexels.com/photos/7026778/pexels-photo-7026778.jpeg,"{'color': 'charcoal', 'material': 'silk', 'occasion': 'casual'}"
111,Pink Pea Coat (leather),Outerwear,"A pink pea coat made from leather. Versatile, elegant, and suitable for semi-formal events. Lightweight, breathable, and tailored fit.",330.63,https://images.pexels.com/photos/6567438/pexels-photo-6567438.jpeg,"{'color': 'pink', 'material': 'leather', 'occasion': 'casual'}"
112,Pink Pea Coat (linen),Outerwear,"A pink pea coat made from linen. Versatile, elegant, and suitable for semi-formal events. Lightweight, breathable, and tailored fit.",67.29,https://images.pexels.com/photos/6567509/pexels-photo-6567509.jpeg,"{'color': 'pink', 'material': 'linen', 'occasion': 'casual'}"
113,Black Puffer Jacket (linen),Outerwear,"A black puffer jacket made from linen. Versatile, elegant, and suitable for semi-formal events. Lightweight, breathable, and tailored fit.",44.46,https://images.pexels.com/photos/15536344/pexels-photo-15536344.jpeg,"{'color': 'black', 'material': 'linen', 'occasion': 'casual'}"
114,Pink Trench Coat (leather),Outerwear,"A pink trench coat made from leather. Versatile, elegant, and suitable for semi-formal events. Lightweight, breathable, and tailored fit.",59.02,https://images.pexels.com/photos/6533836/pexels-photo-6533836.jpeg,"{'color': 'pink', 'material': 'leather', 'occasion': 'casual'}"
115,Emerald Pea Coat (polyester blend),Outerwear,"A emerald pea coat made from polyester blend. Versatile, elegant, and suitable for semi-formal events. Lightweight, breathable, and tailored fit.",248.51,https://images.pexels.com/photos/35144015/pexels-photo-35144015.jpeg,"{'color': 'emerald', 'material': 'polyester blend', 'occasion': 'casual'}"
116,Black Puffer Jacket (silk),Outerwear,"A black puffer jacket made from silk. Versatile, elegant, and suitable for semi-formal events. Lightweight, breathable, and tailored fit.",452.73,https://images.pexels.com/photos/6084441/pexels-photo-6084441.jpeg,"{'color': 'black', 'material': 'silk', 'occasion': 'casual'}"
117,Navy Wool Coat (polyester blend),Outerwear,"A navy wool coat made from polyester blend. Versatile, elegant, and suitable for semi-formal events. Lightweight, breathable, and tailored fit.",396.79,https://images.pexels.com/photos/8113002/pexels-photo-8113002.jpeg,"{'color': 'navy', 'material': 'polyester blend', 'occasion': 'casual'}"
118,Navy Puffer Jacket (polyester blend),Outerwear,"A navy puffer jacket made from polyester blend. Versatile, elegant, and suitable for semi-formal events. Lightweight, breathable, and tailored fit.",424.82,https://images.pexels.com/photos/7026778/pexels-photo-7026778.jpeg,"{'color': 'navy', 'material': 'polyester blend', 'occasion': 'casual'}"
119,Ivory Trench Coat (wool),Outerwear,"A ivory trench coat made from wool. Versatile, elegant, and suitable for semi-formal events. Lightweight, breathable, and tailored fit.",234.4,https://images.pexels.com/photos/1643025/pexels-photo-1643025.jpeg,"{'color': 'ivory', 'material': 'wool', 'occasion': 'casual'}"
120,Black Puffer Jacket (wool),Outerwear,"A black puffer jacket made from wool. Versatile, elegant, and suitable for semi-formal events. Lightweight, breathable, and tailored fit.",250.36,https://images.pexels.com/photos/6084441/pexels-photo-6084441.jpeg,"{'color': 'black', 'material': 'wool', 'occasion': 'casual'}"
121,Charcoal Wool Coat (leather),Outerwear,"A charcoal wool coat made from leather. Versatile, elegant, and suitable for semi-formal events. Lightweight, breathable, and tailored fit.",373.53,https://images.pexels.com/photos/7496335/pexels-photo-7496335.jpeg,"{'color': 'charcoal', 'material': 'leather', 'occasion': 'casual'}"
122,Burgundy Pea Coat (wool),Outerwear,"A burgundy pea coat made from wool. Versatile, elegant, and suitable for semi-formal events. Lightweight, breathable, and tailored fit.",87.35,https://images.pexels.com/photos/29336366/pexels-photo-29336366.jpeg,"{'color': 'burgundy', 'material': 'wool', 'occasion': 'casual'}"
123,Black Trench Coat (linen),Outerwear,"A black trench coat made from linen. Versatile, elegant, and suitable for semi-formal events. Lightweight, breathable, and tailored fit.",230.12,https://images.pexels.com/photos/19198647/pexels-photo-19198647.jpeg,"{'color': 'black', 'material': 'linen', 'occasion': 'casual'}"
124,Ivory Wool Coat (leather),Outerwear,"A ivory wool coat made from leather. Versatile, elegant, and suitable for semi-formal events. Lightweight, breathable, and tailored fit.",43.74,https://images.pexels.com/photos/8113002/pexels-photo-8113002.jpeg,"{'color': 'ivory', 'material': 'leather', 'occasion': 'casual'}"
125,Ivory Pea Coat (silk),Outerwear,"A ivory pea coat made from silk. Versatile, elegant, and suitable for semi-formal events. Lightweight, breathable, and tailored fit.",267.37,https://images.pexels.com/photos/35144011/pexels-photo-35144011.jpeg,"{'color': 'ivory', 'material': 'silk', 'occasion': 'casual'}"
126,Black Trench Coat (wool),Outerwear,"A black trench coat made from wool. Versatile, elegant, and suitable for semi-formal events. Lightweight, breathable, and tailored fit.",176.41,https://images.pexels.com/photos/19198647/pexels-photo-19198647.jpeg,"{'color': 'black', 'material': 'wool', 'occasion': 'casual'}"
127,Ivory Wool Coat (leather),Outerwear,"A ivory wool coat made from leather. Versatile, elegant, and suitable for semi-formal events. Lightweight, breathable, and tailored fit.",403.12,https://images.pexels.com/photos/8963513/pexels-photo-8963513.jpeg,"{'color': 'ivory', 'material': 'leather', 'occasion': 'casual'}"
128,Ivory Puffer Jacket (wool),Outerwear,"A ivory puffer jacket made from wool. Versatile, elegant, and suitable for semi-formal events. Lightweight, breathable, and tailored fit.",242.02,https://images.pexels.com/photos/7026778/pexels-photo-7026778.jpeg,"{'color': 'ivory', 'material': 'wool', 'occasion': 'casual'}"
129,Tan Wool Coat (wool),Outerwear,"A tan wool coat made from wool. Versatile, elegant, and suitable for semi-formal events. Lightweight, breathable, and tailored fit.",248.98,https://images.pexels.com/photos/8113002/pexels-photo-8113002.jpeg,"{'color': 'tan', 'material': 'wool', 'occasion': 'casual'}"
130,Charcoal Trench Coat (cotton),Outerwear,"A charcoal trench coat made from cotton. Versatile, elegant, and suitable for semi-formal events. Lightweight, breathable, and tailored fit.",164.29,https://images.pexels.com/photos/6533836/pexels-photo-6533836.jpeg,"{'color': 'charcoal', 'material': 'cotton', 'occasion': 'casual'}"
131,Blush Pea Coat (cotton),Outerwear,"A blush pea coat made from cotton. Versatile, elegant, and suitable for semi-formal events. Lightweight, breathable, and tailored fit.",152.66,https://images.pexels.com/photos/35140333/pexels-photo-35140333.jpeg,"{'color': 'blush', 'material': 'cotton', 'occasion': 'casual'}"
132,Ivory Puffer Jacket (polyester blend),Outerwear,"A ivory puffer jacket made from polyester blend. Versatile, elegant, and suitable for semi-formal events. Lightweight, breathable, and tailored fit.",437.68,https://images.pexels.com/photos/7026778/pexels-photo-7026778.jpeg,"{'color': 'ivory', 'material': 'polyester blend', 'occasion': 'casual'}"
133,Tan Wool Coat (linen),Outerwear,"A tan wool coat made from linen. Versatile, elegant, and suitable for semi-formal events. Lightweight, breathable, and tailored fit.",323.38,https://images.pexels.com/photos/7496335/pexels-photo-7496335.jpeg,"{'color': 'tan', 'material': 'linen', 'occasion': 'casual'}"
134,Blush Puffer Jacket (cotton),Outerwear,"A blush puffer jacket made from cotton. Versatile, elegant, and suitable for semi-formal events. Lightweight, breathable, and tailored fit.",487.05,https://images.pexels.com/photos/7147437/pexels-photo-7147437.jpeg,"{'color': 'blush', 'material': 'cotton', 'occasion': 'casual'}"
135,Pink Puffer Jacket (wool),Outerwear,"A pink puffer jacket made from wool. Versatile, elegant, and suitable for semi-formal events. Lightweight, breathable, and tailored fit.",68.71,https://images.pexels.com/photos/15490489/pexels-photo-15490489.jpeg,"{'color': 'pink', 'material': 'wool', 'occasion': 'casual'}"
136,Tan Puffer Jacket (suede),Outerwear,"A tan puffer jacket made from suede. Versatile, elegant, and suitable for semi-formal events. Lightweight, breathable, and tailored fit.",421.51,https://images.pexels.com/photos/7026778/pexels-photo-7026778.jpeg,"{'color': 'tan', 'material': 'suede', 'occasion': 'casual'}"
137,Navy Pea Coat (linen),Outerwear,"A navy pea coat made from linen. Versatile, elegant, and suitable for semi-formal events. Lightweight, breathable, and tailored fit.",355.73,https://images.pexels.com/photos/17153115/pexels-photo-17153115.jpeg,"{'color': 'navy', 'material': 'linen', 'occasion': 'casual'}"
138,Black Wool Coat (wool),Outerwear,"A black wool coat made from wool. Versatile, elegant, and suitable for semi-formal events. Lightweight, breathable, and tailored fit.",238.27,https://images.pexels.com/photos/11078299/pexels-photo-11078299.jpeg,"{'color': 'black', 'material': 'wool', 'occasion': 'casual'}"
139,Emerald Puffer Jacket (polyester blend),Outerwear,"A emerald puffer jacket made from polyester blend. Versatile, elegant, and suitable for semi-formal events. Lightweight, breathable, and tailored fit.",406.27,https://images.pexels.com/photos/26936522/pexels-photo-26936522.jpeg,"{'color': 'emerald', 'material': 'polyester blend', 'occasion': 'casual'}"
140,Black Pea Coat (cotton),Outerwear,"A black pea coat made from cotton. Versatile, elegant, and suitable for semi-formal events. Lightweight, breathable, and tailored fit.",322.7,https://images.pexels.com/photos/7585607/pexels-photo-7585607.jpeg,"{'color': 'black', 'material': 'cotton', 'occasion': 'casual'}"
141,Tan Puffer Jacket (leather),Outerwear,"A tan puffer jacket made from leather. Versatile, elegant, and suitable for semi-formal events. Lightweight, breathable, and tailored fit.",132.12,https://images.pexels.com/photos/7026778/pexels-photo-7026778.jpeg,"{'color': 'tan', 'material': 'leather', 'occasion': 'casual'}"
142,Blush Pea Coat (polyester blend),Outerwear,"A blush pea coat made from polyester blend. Versatile, elegant, and suitable for semi-formal events. Lightweight, breathable, and tailored fit.",188.95,https://images.pexels.com/photos/35140333/pexels-photo-35140333.jpeg,"{'color': 'blush', 'material': 'polyester blend', 'occasion': 'casual'}"
143,Pink Puffer Jacket (cotton),Outerwear,"A pink puffer jacket made from cotton. Versatile, elegant, and suitable for semi-formal events. Lightweight, breathable, and tailored fit.",344.6,https://images.pexels.com/photos/15490489/pexels-photo-15490489.jpeg,"{'color': 'pink', 'material': 'cotton', 'occasion': 'casual'}"
144,Black Pea Coat (leather),Outerwear,"A black pea coat made from leather. Versatile, elegant, and suitable for semi-formal events. Lightweight, breathable, and tailored fit.",424.77,https://images.pexels.com/photos/7585607/pexels-photo-7585607.jpeg,"{'color': 'black', 'material': 'leather', 'occasion': 'casual'}"
145,Pink Trench Coat (linen),Outerwear,"A pink trench coat made from linen. Versatile, elegant, and suitable for semi-formal events. Lightweight, breathable, and tailored fit.",235.13,https://images.pexels.com/photos/32119916/pexels-photo-32119916.jpeg,"{'color': 'pink', 'material': 'linen', 'occasion': 'casual'}"
146,Tan Wool Coat (cotton),Outerwear,"A tan wool coat made from cotton. Versatile, elegant, and suitable for semi-formal events. Lightweight, breathable, and tailored fit.",369.35,https://images.pexels.com/photos/18926411/pexels-photo-18926411.jpeg,"{'color': 'tan', 'material': 'cotton', 'occasion': 'casual'}"
147,Ivory Pea Coat (silk),Outerwear,"A ivory pea coat made from silk. Versatile, elegant, and suitable for semi-formal events. Lightweight, breathable, and tailored fit.",65.74,https://images.pexels.com/photos/35140333/pexels-photo-35140333.jpeg,"{'color': 'ivory', 'material': 'silk', 'occasion': 'casual'}"
148,Black Trench Coat (wool),Outerwear,"A black trench coat made from wool. Versatile, elegant, and suitable for semi-formal events. Lightweight, breathable, and tailored fit.",58.19,https://images.pexels.com/photos/9565917/pexels-photo-9565917.jpeg,"{'color': 'black', 'material': 'wool', 'occasion': 'casual'}"
149,Emerald Wool Coat (silk),Outerwear,"A emerald wool coat made from silk. Versatile, elegant, and suitable for semi-formal events. Lightweight, breathable, and tailored fit.",444.89,https://images.pexels.com/photos/8963513/pexels-photo-8963513.jpeg,"{'color': 'emerald', 'material': 'silk', 'occasion': 'casual'}"
150,Burgundy Trench Coat (cotton),Outerwear,"A burgundy trench coat made from cotton. Versatile, elegant, and suitable for semi-formal events. Lightweight, breathable, and tailored fit.",162.01,https://images.pexels.com/photos/6533836/pexels-photo-6533836.jpeg,"{'color': 'burgundy', 'material': 'cotton', 'occasion': 'casual'}"
151,Charcoal Clutch (suede),Accessories,"A charcoal clutch made from suede. Versatile, elegant, and suitable for semi-formal events. Lightweight, breathable, and tailored fit.",338.87,https://images.pexels.com/photos/34326848/pexels-photo-34326848.jpeg,"{'color': 'charcoal', 'material': 'suede', 'occasion': 'casual'}"
152,Blush Silk Scarf (cotton),Accessories,"A blush silk scarf made from cotton. Versatile, elegant, and suitable for semi-formal events. Lightweight, breathable, and tailored fit.",477.09,https://images.pexels.com/photos/33041188/pexels-photo-33041188.jpeg,"{'color': 'blush', 'material': 'cotton', 'occasion': 'casual'}"
153,Ivory Statement Necklace (polyester blend),Accessories,"A ivory statement necklace made from polyester blend. Versatile, elegant, and suitable for semi-formal events. Lightweight, breathable, and tailored fit.",58.23,https://images.pexels.com/photos/28488551/pexels-photo-28488551.jpeg,"{'color': 'ivory', 'material': 'polyester blend', 'occasion': 'casual'}"
154,Navy Leather Belt (polyester blend),Accessories,"A navy leather belt made from polyester blend. Versatile, elegant, and suitable for semi-formal events. Lightweight, breathable, and tailored fit.",380.89,https://images.pexels.com/photos/8396306/pexels-photo-8396306.jpeg,"{'color': 'navy', 'material': 'polyester blend', 'occasion': 'casual'}"
155,Blush Leather Belt (polyester blend),Accessories,"A blush leather belt made from polyester blend. Versatile, elegant, and suitable for semi-formal events. Lightweight, breathable, and tailored fit.",337.34,https://images.pexels.com/photos/322207/pexels-photo-322207.jpeg,"{'color': 'blush', 'material': 'polyester blend', 'occasion': 'casual'}"
156,Burgundy Clutch (leather),Accessories,"A burgundy clutch made from leather. Versatile, elegant, and suitable for semi-formal events. Lightweight, breathable, and tailored fit.",456.39,https://images.pexels.com/photos/34326848/pexels-photo-34326848.jpeg,"{'color': 'burgundy', 'material': 'leather', 'occasion': 'casual'}"
157,Pink Clutch (wool),Accessories,"A pink clutch made from wool. Versatile, elegant, and suitable for semi-formal events. Lightweight, breathable, and tailored fit.",233.04,https://images.pexels.com/photos/34076070/pexels-photo-34076070.jpeg,"{'color': 'pink', 'material': 'wool', 'occasion': 'casual'}"
158,Tan Leather Belt (wool),Accessories,"A tan leather belt made from wool. Versatile, elegant, and suitable for semi-formal events. Lightweight, breathable, and tailored fit.",112.23,https://images.pexels.com/photos/32734329/pexels-photo-32734329.jpeg,"{'color': 'tan', 'material': 'wool', 'occasion': 'casual'}"
159,Pink Leather Belt (suede),Accessories,"A pink leather belt made from suede. Versatile, elegant, and suitable for semi-formal events. Lightweight, breathable, and tailored fit.",127.28,https://images.pexels.com/photos/65280/belts-belt-skin-colors-65280.jpeg,"{'color': 'pink', 'material': 'suede', 'occasion': 'casual'}"
160,Blush Silk Scarf (cotton),Accessories,"A blush silk scarf made from cotton. Versatile, elegant, and suitable for semi-formal events. Lightweight, breathable, and tailored fit.",103.41,https://images.pexels.com/photos/19776870/pexels-photo-19776870.jpeg,"{'color': 'blush', 'material': 'cotton', 'occasion': 'casual'}"
161,Black Silk Scarf (silk),Accessories,"A black silk scarf made from silk. Versatile, elegant, and suitable for semi-formal events. Lightweight, breathable, and tailored fit.",290.57,https://images.pexels.com/photos/11763234/pexels-photo-11763234.jpeg,"{'color': 'black', 'material': 'silk', 'occasion': 'casual'}"
162,Charcoal Clutch (polyester blend),Accessories,"A charcoal clutch made from polyester blend. Versatile, elegant, and suitable for semi-formal events. Lightweight, breathable, and tailored fit.",426.27,https://images.pexels.com/photos/34326848/pexels-photo-34326848.jpeg,"{'color': 'charcoal', 'material': 'polyester blend', 'occasion': 'casual'}"
163,Ivory Clutch (leather),Accessories,"A ivory clutch made from leather. Versatile, elegant, and suitable for semi-formal events. Lightweight, breathable, and tailored fit.",148.88,https://images.pexels.com/photos/34326848/pexels-photo-34326848.jpeg,"{'color': 'ivory', 'material': 'leather', 'occasion': 'casual'}"
164,Ivory Silk Scarf (silk),Accessories,"A ivory silk scarf made from silk. Versatile, elegant, and suitable for semi-formal events. Lightweight, breathable, and tailored fit.",368.88,https://images.pexels.com/photos/19776870/pexels-photo-19776870.jpeg,"{'color': 'ivory', 'material': 'silk', 'occasion': 'casual'}"
165,Burgundy Statement Necklace (wool),Accessories,"A burgundy statement necklace made from wool. Versatile, elegant, and suitable for semi-formal events. Lightweight, breathable, and tailored fit.",140.01,https://images.pexels.com/photos/10675903/pexels-photo-10675903.jpeg,"{'color': 'burgundy', 'material': 'wool', 'occasion': 'casual'}"
166,Charcoal Clutch (cotton),Accessories,"A charcoal clutch made from cotton. Versatile, elegant, and suitable for semi-formal events. Lightweight, breathable, and tailored fit.",271.58,https://images.pexels.com/photos/768975/pexels-photo-768975.jpeg,"{'color': 'charcoal', 'material': 'cotton', 'occasion': 'casual'}"
167,Charcoal Silk Scarf (linen),Accessories,"A charcoal silk scarf made from linen. Versatile, elegant, and suitable for semi-formal events. Lightweight, breathable, and tailored fit.",487.87,https://images.pexels.com/photos/19776870/pexels-photo-19776870.jpeg,"{'color': 'charcoal', 'material': 'linen', 'occasion': 'casual'}"
168,Ivory Silk Scarf (linen),Accessories,"A ivory silk scarf made from linen. Versatile, elegant, and suitable for semi-formal events. Lightweight, breathable, and tailored fit.",153.08,https://images.pexels.com/photos/19776870/pexels-photo-19776870.jpeg,"{'color': 'ivory', 'material': 'linen', 'occasion': 'casual'}"
169,Navy Clutch (cotton),Accessories,"A navy clutch made from cotton. Versatile, elegant, and suitable for semi-formal events. Lightweight, breathable, and tailored fit.",244.43,https://images.pexels.com/photos/34326848/pexels-photo-34326848.jpeg,"{'color': 'navy', 'material': 'cotton', 'occasion': 'casual'}"
170,Burgundy Clutch (linen),Accessories,"A burgundy clutch made from linen. Versatile, elegant, and suitable for semi-formal events. Lightweight, breathable, and tailored fit.",443.8,https://images.pexels.com/photos/34326848/pexels-photo-34326848.jpeg,"{'color': 'burgundy', 'material': 'linen', 'occasion': 'casual'}"
171,Black Statement Necklace (wool),Accessories,"A black statement necklace made from wool. Versatile, elegant, and suitable for semi-formal events. Lightweight, breathable, and tailored fit.",400.85,https://images.pexels.com/photos/20234292/pexels-photo-20234292.jpeg,"{'color': 'black', 'material': 'wool', 'occasion': 'casual'}"
172,Tan Clutch (suede),Accessories,"A tan clutch made from suede. Versatile, elegant, and suitable for semi-formal events. Lightweight, breathable, and tailored fit.",298.55,https://images.pexels.com/photos/27835299/pexels-photo-27835299.jpeg,"{'color': 'tan', 'material': 'suede', 'occasion': 'casual'}"
173,Charcoal Silk Scarf (linen),Accessories,"A charcoal silk scarf made from linen. Versatile, elegant, and suitable for semi-formal events. Lightweight, breathable, and tailored fit.",388.48,https://images.pexels.com/photos/33041188/pexels-photo-33041188.jpeg,"{'color': 'charcoal', 'material': 'linen', 'occasion': 'casual'}"
174,Blush Statement Necklace (cotton),Accessories,"A blush statement necklace made from cotton. Versatile, elegant, and suitable for semi-formal events. Lightweight, breathable, and tailored fit.",264.96,https://images.pexels.com/photos/23024060/pexels-photo-23024060.jpeg,"{'color': 'blush', 'material': 'cotton', 'occasion': 'casual'}"
175,Ivory Leather Belt (wool),Accessories,"A ivory leather belt made from wool. Versatile, elegant, and suitable for semi-formal events. Lightweight, breathable, and tailored fit.",258.45,https://images.pexels.com/photos/322207/pexels-photo-322207.jpeg,"{'color': 'ivory', 'material': 'wool', 'occasion': 'casual'}"
176,Burgundy Silk Scarf (cotton),Accessories,"A burgundy silk scarf made from cotton. Versatile, elegant, and suitable for semi-formal events. Lightweight, breathable, and tailored fit.",105.79,https://images.pexels.com/photos/9393382/pexels-photo-9393382.jpeg,"{'color': 'burgundy', 'material': 'cotton', 'occasion': 'casual'}"
177,Pink Leather Belt (leather),Accessories,"A pink leather belt made from leather. Versatile, elegant, and suitable for semi-formal events. Lightweight, breathable, and tailored fit.",67.44,https://images.pexels.com/photos/65280/belts-belt-skin-colors-65280.jpeg,"{'color': 'pink', 'material': 'leather', 'occasion': 'casual'}"
178,Pink Clutch (polyester blend),Accessories,"A pink clutch made from polyester blend. Versatile, elegant, and suitable for semi-formal events. Lightweight, breathable, and tailored fit.",216.35,https://images.pexels.com/photos/34076070/pexels-photo-34076070.jpeg,"{'color': 'pink', 'material': 'polyester blend', 'occasion': 'casual'}"
179,Ivory Silk Scarf (silk),Accessories,"A ivory silk scarf made from silk. Versatile, elegant, and suitable for semi-formal events. Lightweight, breathable, and tailored fit.",213.29,https://images.pexels.com/photos/33041188/pexels-photo-33041188.jpeg,"{'color': 'ivory', 'material': 'silk', 'occasion': 'casual'}"
180,Pink Clutch (linen),Accessories,"A pink clutch made from linen. Versatile, elegant, and suitable for semi-formal events. Lightweight, breathable, and tailored fit.",193.89,https://images.pexels.com/photos/14840497/pexels-photo-14840497.jpeg,"{'color': 'pink', 'material': 'linen', 'occasion': 'casual'}"
181,Ivory Silk Scarf (leather),Accessories,"A ivory silk scarf made from leather. Versatile, elegant, and suitable for semi-formal events. Lightweight, breathable, and tailored fit.",496.27,https://images.pexels.com/photos/19776870/pexels-photo-19776870.jpeg,"{'color': 'ivory', 'material': 'leather', 'occasion': 'casual'}"
182,Blush Clutch (linen),Accessories,"A blush clutch made from linen. Versatile, elegant, and suitable for semi-formal events. Lightweight, breathable, and tailored fit.",100.65,https://images.pexels.com/photos/4938502/pexels-photo-4938502.jpeg,"{'color': 'blush', 'material': 'linen', 'occasion': 'casual'}"
183,Emerald Statement Necklace (linen),Accessories,"A emerald statement necklace made from linen. Versatile, elegant, and suitable for semi-formal events. Lightweight, breathable, and tailored fit.",445.86,https://images.pexels.com/photos/32988538/pexels-photo-32988538.jpeg,"{'color': 'emerald', 'material': 'linen', 'occasion': 'casual'}"
184,Navy Leather Belt (cotton),Accessories,"A navy leather belt made from cotton. Versatile, elegant, and suitable for semi-formal events. Lightweight, breathable, and tailored fit.",384.15,https://images.pexels.com/photos/8396306/pexels-photo-8396306.jpeg,"{'color': 'navy', 'material': 'cotton', 'occasion': 'casual'}"
185,Black Statement Necklace (linen),Accessories,"A black statement necklace made from linen. Versatile, elegant, and suitable for semi-formal events. Lightweight, breathable, and tailored fit.",389.71,https://images.pexels.com/photos/19875653/pexels-photo-19875653.jpeg,"{'color': 'black', 'material': 'linen', 'occasion': 'casual'}"
186,Pink Clutch (suede),Accessories,"A pink clutch made from suede. Versatile, elegant, and suitable for semi-formal events. Lightweight, breathable, and tailored fit.",143.59,https://images.pexels.com/photos/34076070/pexels-photo-34076070.jpeg,"{'color': 'pink', 'material': 'suede', 'occasion': 'casual'}"
187,Emerald Leather Belt (polyester blend),Accessories,"A emerald leather belt made from polyester blend. Versatile, elegant, and suitable for semi-formal events. Lightweight, breathable, and tailored fit.",193.01,https://images.pexels.com/photos/18794339/pexels-photo-18794339.jpeg,"{'color': 'emerald', 'material': 'polyester blend', 'occasion': 'casual'}"
188,Black Leather Belt (wool),Accessories,"A black leather belt made from wool. Versatile, elegant, and suitable for semi-formal events. Lightweight, breathable, and tailored fit.",466.38,https://images.pexels.com/photos/6765642/pexels-photo-6765642.jpeg,"{'color': 'black', 'material': 'wool', 'occasion': 'casual'}"
189,Ivory Silk Scarf (linen),Accessories,"A ivory silk scarf made from linen. Versatile, elegant, and suitable for semi-formal events. Lightweight, breathable, and tailored fit.",377.54,https://images.pexels.com/photos/19776870/pexels-photo-19776870.jpeg,"{'color': 'ivory', 'material': 'linen', 'occasion': 'casual'}"
190,Emerald Silk Scarf (suede),Accessories,"A emerald silk scarf made from suede. Versatile, elegant, and suitable for semi-formal events. Lightweight, breathable, and tailored fit.",323.17,https://images.pexels.com/photos/19776870/pexels-photo-19776870.jpeg,"{'color': 'emerald', 'material': 'suede', 'occasion': 'casual'}"
191,Tan Leather Belt (leather),Accessories,"A tan leather belt made from leather. Versatile, elegant, and suitable for semi-formal events. Lightweight, breathable, and tailored fit.",274.63,https://images.pexels.com/photos/20777832/pexels-photo-20777832.jpeg,"{'color': 'tan', 'material': 'leather', 'occasion': 'casual'}"
192,Pink Statement Necklace (linen),Accessories,"A pink statement necklace made from linen. Versatile, elegant, and suitable for semi-formal events. Lightweight, breathable, and tailored fit.",443.67,https://images.pexels.com/photos/17404413/pexels-photo-17404413.jpeg,"{'color': 'pink', 'material': 'linen', 'occasion': 'casual'}"
193,Burgundy Clutch (linen),Accessories,"A burgundy clutch made from linen. Versatile, elegant, and suitable for semi-formal events. Lightweight, breathable, and tailored fit.",179.09,https://images.pexels.com/photos/34326848/pexels-photo-34326848.jpeg,"{'color': 'burgundy', 'material': 'linen', 'occasion': 'casual'}"
194,Ivory Silk Scarf (leather),Accessories,"A ivory silk scarf made from leather. Versatile, elegant, and suitable for semi-formal events. Lightweight, breathable, and tailored fit.",117.81,https://images.pexels.com/photos/19776870/pexels-photo-19776870.jpeg,"{'color': 'ivory', 'material': 'leather', 'occasion': 'casual'}"
195,Black Leather Belt (silk),Accessories,"A black leather belt made from silk. Versatile, elegant, and suitable for semi-formal events. Lightweight, breathable, and tailored fit.",158.37,https://images.pexels.com/photos/4164506/pexels-photo-4164506.jpeg,"{'color': 'black', 'material': 'silk', 'occasion': 'casual'}"
196,Navy Silk Scarf (leather),Accessories,"A navy silk scarf made from leather. Versatile, elegant, and suitable for semi-formal events. Lightweight, breathable, and tailored fit.",159.92,https://images.pexels.com/photos/33041188/pexels-photo-33041188.jpeg,"{'color': 'navy', 'material': 'leather', 'occasion': 'casual'}"
197,Tan Leather Belt (polyester blend),Accessories,"A tan leather belt made from polyester blend. Versatile, elegant, and suitable for semi-formal events. Lightweight, breathable, and tailored fit.",402.91,https://images.pexels.com/photos/32734329/pexels-photo-32734329.jpeg,"{'color': 'tan', 'material': 'polyester blend', 'occasion': 'casual'}"
198,Burgundy Clutch (wool),Accessories,"A burgundy clutch made from wool. Versatile, elegant, and suitable for semi-formal events. Lightweight, breathable, and tailored fit.",498.07,https://images.pexels.com/photos/33774463/pexels-photo-33774463.jpeg,"{'color': 'burgundy', 'material': 'wool', 'occasion': 'casual'}"
199,Pink Leather Belt (leather),Accessories,"A pink leather belt made from leather. Versatile, elegant, and suitable for semi-formal events. Lightweight, breathable, and tailored fit.",429.9,https://images.pexels.com/photos/25489680/pexels-photo-25489680.jpeg,"{'color': 'pink', 'material': 'leather', 'occasion': 'casual'}"
200,Charcoal Clutch (polyester blend),Accessories,"A charcoal clutch made from polyester blend. Versatile, elegant, and suitable for semi-formal events. Lightweight, breathable, and tailored fit.",281.32,https://images.pexels.com/photos/34326848/pexels-photo-34326848.jpeg,"{'color': 'charcoal', 'material': 'polyester blend', 'occasion': 'casual'}"
201,Blush Heels (cotton),Shoes,"A blush heels made from cotton. Versatile, elegant, and suitable for semi-formal events. Lightweight, breathable, and tailored fit.",432.92,https://images.pexels.com/photos/35087062/pexels-photo-35087062.jpeg,"{'color': 'blush', 'material': 'cotton', 'occasion': 'casual'}"
202,Pink Loafers (polyester blend),Shoes,"A pink loafers made from polyester blend. Versatile, elegant, and suitable for semi-formal events. Lightweight, breathable, and tailored fit.",334.86,https://images.pexels.com/photos/9790407/pexels-photo-9790407.jpeg,"{'color': 'pink', 'material': 'polyester blend', 'occasion': 'casual'}"
203,Navy Oxfords (polyester blend),Shoes,"A navy oxfords made from polyester blend. Versatile, elegant, and suitable for semi-formal events. Lightweight, breathable, and tailored fit.",281.36,https://images.pexels.com/photos/16234319/pexels-photo-16234319.jpeg,"{'color': 'navy', 'material': 'polyester blend', 'occasion': 'casual'}"
204,Emerald Loafers (wool),Shoes,"A emerald loafers made from wool. Versatile, elegant, and suitable for semi-formal events. Lightweight, breathable, and tailored fit.",293.8,https://images.pexels.com/photos/30433852/pexels-photo-30433852.jpeg,"{'color': 'emerald', 'material': 'wool', 'occasion': 'casual'}"
205,Pink Oxfords (silk),Shoes,"A pink oxfords made from silk. Versatile, elegant, and suitable for semi-formal events. Lightweight, breathable, and tailored fit.",126.82,https://images.pexels.com/photos/17244623/pexels-photo-17244623.jpeg,"{'color': 'pink', 'material': 'silk', 'occasion': 'casual'}"
206,Ivory Boots (wool),Shoes,"A ivory boots made from wool. Versatile, elegant, and suitable for semi-formal events. Lightweight, breathable, and tailored fit.",325.79,https://images.pexels.com/photos/27141838/pexels-photo-27141838.jpeg,"{'color': 'ivory', 'material': 'wool', 'occasion': 'casual'}"
207,Emerald Heels (linen),Shoes,"A emerald heels made from linen. Versatile, elegant, and suitable for semi-formal events. Lightweight, breathable, and tailored fit.",372.1,https://images.pexels.com/photos/35108882/pexels-photo-35108882.jpeg,"{'color': 'emerald', 'material': 'linen', 'occasion': 'casual'}"
208,Pink Loafers (wool),Shoes,"A pink loafers made from wool. Versatile, elegant, and suitable for semi-formal events. Lightweight, breathable, and tailored fit.",249.44,https://images.pexels.com/photos/9790407/pexels-photo-9790407.jpeg,"{'color': 'pink', 'material': 'wool', 'occasion': 'casual'}"
209,Emerald Oxfords (linen),Shoes,"A emerald oxfords made from linen. Versatile, elegant, and suitable for semi-formal events. Lightweight, breathable, and tailored fit.",120.81,https://images.pexels.com/photos/16234310/pexels-photo-16234310.jpeg,"{'color': 'emerald', 'material': 'linen', 'occasion': 'casual'}"
210,Burgundy Oxfords (suede),Shoes,"A burgundy oxfords made from suede. Versatile, elegant, and suitable for semi-formal events. Lightweight, breathable, and tailored fit.",416.59,https://images.pexels.com/photos/16234318/pexels-photo-16234318.jpeg,"{'color': 'burgundy', 'material': 'suede', 'occasion': 'casual'}"
211,Ivory Heels (cotton),Shoes,"A ivory heels made from cotton. Versatile, elegant, and suitable for semi-formal events. Lightweight, breathable, and tailored fit.",98.56,https://images.pexels.com/photos/20618390/pexels-photo-20618390.jpeg,"{'color': 'ivory', 'material': 'cotton', 'occasion': 'casual'}"
212,Ivory Oxfords (silk),Shoes,"A ivory oxfords made from silk. Versatile, elegant, and suitable for semi-formal events. Lightweight, breathable, and tailored fit.",113.12,https://images.pexels.com/photos/16234318/pexels-photo-16234318.jpeg,"{'color': 'ivory', 'material': 'silk', 'occasion': 'casual'}"
213,Navy Heels (linen),Shoes,"A navy heels made from linen. Versatile, elegant, and suitable for semi-formal events. Lightweight, breathable, and tailored fit.",149.17,https://images.pexels.com/photos/28262525/pexels-photo-28262525.jpeg,"{'color': 'navy', 'material': 'linen', 'occasion': 'casual'}"
214,Emerald Heels (polyester blend),Shoes,"A emerald heels made from polyester blend. Versatile, elegant, and suitable for semi-formal events. Lightweight, breathable, and tailored fit.",218.85,https://images.pexels.com/photos/35108882/pexels-photo-35108882.jpeg,"{'color': 'emerald', 'material': 'polyester blend', 'occasion': 'casual'}"
215,Navy Heels (leather),Shoes,"A navy heels made from leather. Versatile, elegant, and suitable for semi-formal events. Lightweight, breathable, and tailored fit.",416.69,https://images.pexels.com/photos/6483329/pexels-photo-6483329.jpeg,"{'color': 'navy', 'material': 'leather', 'occasion': 'casual'}"
216,Navy Oxfords (suede),Shoes,"A navy oxfords made from suede. Versatile, elegant, and suitable for semi-formal events. Lightweight, breathable, and tailored fit.",83.23,https://images.pexels.com/photos/16234318/pexels-photo-16234318.jpeg,"{'color': 'navy', 'material': 'suede', 'occasion': 'casual'}"
217,Blush Heels (linen),Shoes,"A blush heels made from linen. Versatile, elegant, and suitable for semi-formal events. Lightweight, breathable, and tailored fit.",228.14,https://images.pexels.com/photos/10642717/pexels-photo-10642717.jpeg,"{'color': 'blush', 'material': 'linen', 'occasion': 'casual'}"
218,Navy Oxfords (linen),Shoes,"A navy oxfords made from linen. Versatile, elegant, and suitable for semi-formal events. Lightweight, breathable, and tailored fit.",210.91,https://images.pexels.com/photos/16234318/pexels-photo-16234318.jpeg,"{'color': 'navy', 'material': 'linen', 'occasion': 'casual'}"
219,Tan Loafers (suede),Shoes,"A tan loafers made from suede. Versatile, elegant, and suitable for semi-formal events. Lightweight, breathable, and tailored fit.",363.1,https://images.pexels.com/photos/7188863/pexels-photo-7188863.jpeg,"{'color': 'tan', 'material': 'suede', 'occasion': 'casual'}"
220,Black Boots (leather),Shoes,"A black boots made from leather. Versatile, elegant, and suitable for semi-formal events. Lightweight, breathable, and tailored fit.",297.76,https://images.pexels.com/photos/35102251/pexels-photo-35102251.jpeg,"{'color': 'black', 'material': 'leather', 'occasion': 'casual'}"
221,Navy Loafers (cotton),Shoes,"A navy loafers made from cotton. Versatile, elegant, and suitable for semi-formal events. Lightweight, breathable, and tailored fit.",110.89,https://images.pexels.com/photos/35154296/pexels-photo-35154296.jpeg,"{'color': 'navy', 'material': 'cotton', 'occasion': 'casual'}"
222,Blush Boots (silk),Shoes,"A blush boots made from silk. Versatile, elegant, and suitable for semi-formal events. Lightweight, breathable, and tailored fit.",106.12,https://images.pexels.com/photos/35154461/pexels-photo-35154461.jpeg,"{'color': 'blush', 'material': 'silk', 'occasion': 'casual'}"
223,Black Loafers (wool),Shoes,"A black loafers made from wool. Versatile, elegant, and suitable for semi-formal events. Lightweight, breathable, and tailored fit.",333.15,https://images.pexels.com/photos/18393968/pexels-photo-18393968.jpeg,"{'color': 'black', 'material': 'wool', 'occasion': 'casual'}"
224,Charcoal Heels (silk),Shoes,"A charcoal heels made from silk. Versatile, elegant, and suitable for semi-formal events. Lightweight, breathable, and tailored fit.",91.46,https://images.pexels.com/photos/10642717/pexels-photo-10642717.jpeg,"{'color': 'charcoal', 'material': 'silk', 'occasion': 'casual'}"
225,Emerald Boots (silk),Shoes,"A emerald boots made from silk. Versatile, elegant, and suitable for semi-formal events. Lightweight, breathable, and tailored fit.",194.81,https://images.pexels.com/photos/35161992/pexels-photo-35161992.jpeg,"{'color': 'emerald', 'material': 'silk', 'occasion': 'casual'}"
226,Charcoal Oxfords (wool),Shoes,"A charcoal oxfords made from wool. Versatile, elegant, and suitable for semi-formal events. Lightweight, breathable, and tailored fit.",329.91,https://images.pexels.com/photos/16234318/pexels-photo-16234318.jpeg,"{'color': 'charcoal', 'material': 'wool', 'occasion': 'casual'}"
227,Ivory Heels (silk),Shoes,"A ivory heels made from silk. Versatile, elegant, and suitable for semi-formal events. Lightweight, breathable, and tailored fit.",103.58,https://images.pexels.com/photos/10817582/pexels-photo-10817582.jpeg,"{'color': 'ivory', 'material': 'silk', 'occasion': 'casual'}"
228,Emerald Heels (cotton),Shoes,"A emerald heels made from cotton. Versatile, elegant, and suitable for semi-formal events. Lightweight, breathable, and tailored fit.",330.8,https://images.pexels.com/photos/35108882/pexels-photo-35108882.jpeg,"{'color': 'emerald', 'material': 'cotton', 'occasion': 'casual'}"
229,Emerald Boots (cotton),Shoes,"A emerald boots made from cotton. Versatile, elegant, and suitable for semi-formal events. Lightweight, breathable, and tailored fit.",162.63,https://images.pexels.com/photos/35161992/pexels-photo-35161992.jpeg,"{'color': 'emerald', 'material': 'cotton', 'occasion': 'casual'}"
230,Blush Heels (suede),Shoes,"A blush heels made from suede. Versatile, elegant, and suitable for semi-formal events. Lightweight, breathable, and tailored fit.",412.51,https://images.pexels.com/photos/10642717/pexels-photo-10642717.jpeg,"{'color': 'blush', 'material': 'suede', 'occasion': 'casual'}"
231,Emerald Boots (wool),Shoes,"A emerald boots made from wool. Versatile, elegant, and suitable for semi-formal events. Lightweight, breathable, and tailored fit.",181.12,https://images.pexels.com/photos/4601185/pexels-photo-4601185.jpeg,"{'color': 'emerald', 'material': 'wool', 'occasion': 'casual'}"
232,Blush Loafers (suede),Shoes,"A blush loafers made from suede. Versatile, elegant, and suitable for semi-formal events. Lightweight, breathable, and tailored fit.",442.24,https://images.pexels.com/photos/30433852/pexels-photo-30433852.jpeg,"{'color': 'blush', 'material': 'suede', 'occasion': 'casual'}"
233,Pink Boots (leather),Shoes,"A pink boots made from leather. Versatile, elegant, and suitable for semi-formal events. Lightweight, breathable, and tailored fit.",254.73,https://images.pexels.com/photos/17244623/pexels-photo-17244623.jpeg,"{'color': 'pink', 'material': 'leather', 'occasion': 'casual'}"
234,Navy Loafers (silk),Shoes,"A navy loafers made from silk. Versatile, elegant, and suitable for semi-formal events. Lightweight, breathable, and tailored fit.",101.15,https://images.pexels.com/photos/9790418/pexels-photo-9790418.jpeg,"{'color': 'navy', 'material': 'silk', 'occasion': 'casual'}"
235,Tan Boots (wool),Shoes,"A tan boots made from wool. Versatile, elegant, and suitable for semi-formal events. Lightweight, breathable, and tailored fit.",432.69,https://images.pexels.com/photos/322442/pexels-photo-322442.jpeg,"{'color': 'tan', 'material': 'wool', 'occasion': 'casual'}"
236,Ivory Oxfords (linen),Shoes,"A ivory oxfords made from linen. Versatile, elegant, and suitable for semi-formal events. Lightweight, breathable, and tailored fit.",166.12,https://images.pexels.com/photos/16234318/pexels-photo-16234318.jpeg,"{'color': 'ivory', 'material': 'linen', 'occasion': 'casual'}"
237,Tan Loafers (leather),Shoes,"A tan loafers made from leather. Versatile, elegant, and suitable for semi-formal events. Lightweight, breathable, and tailored fit.",441.12,https://images.pexels.com/photos/31935085/pexels-photo-31935085.jpeg,"{'color': 'tan', 'material': 'leather', 'occasion': 'casual'}"
238,Ivory Heels (silk),Shoes,"A ivory heels made from silk. Versatile, elegant, and suitable for semi-formal events. Lightweight, breathable, and tailored fit.",288.76,https://images.pexels.com/photos/10817587/pexels-photo-10817587.jpeg,"{'color': 'ivory', 'material': 'silk', 'occasion': 'casual'}"
239,Charcoal Oxfords (linen),Shoes,"A charcoal oxfords made from linen. Versatile, elegant, and suitable for semi-formal events. Lightweight, breathable, and tailored fit.",395.91,https://images.pexels.com/photos/16234310/pexels-photo-16234310.jpeg,"{'color': 'charcoal', 'material': 'linen', 'occasion': 'casual'}"
240,Ivory Boots (cotton),Shoes,"A ivory boots made from cotton. Versatile, elegant, and suitable for semi-formal events. Lightweight, breathable, and tailored fit.",98.08,https://images.pexels.com/photos/27141839/pexels-photo-27141839.jpeg,"{'color': 'ivory', 'material': 'cotton', 'occasion': 'casual'}"
241,Blush Boots (linen),Shoes,"A blush boots made from linen. Versatile, elegant, and suitable for semi-formal events. Lightweight, breathable, and tailored fit.",366.62,https://images.pexels.com/photos/35154474/pexels-photo-35154474.jpeg,"{'color': 'blush', 'material': 'linen', 'occasion': 'casual'}"
242,Tan Boots (leather),Shoes,"A tan boots made from leather. Versatile, elegant, and suitable for semi-formal events. Lightweight, breathable, and tailored fit.",243.6,https://images.pexels.com/photos/8452064/pexels-photo-8452064.jpeg,"{'color': 'tan', 'material': 'leather', 'occasion': 'casual'}"
243,Black Boots (leather),Shoes,"A black boots made from leather. Versatile, elegant, and suitable for semi-formal events. Lightweight, breathable, and tailored fit.",210.31,https://images.pexels.com/photos/35102251/pexels-photo-35102251.jpeg,"{'color': 'black', 'material': 'leather', 'occasion': 'casual'}"
244,Tan Heels (leather),Shoes,"A tan heels made from leather. Versatile, elegant, and suitable for semi-formal events. Lightweight, breathable, and tailored fit.",161.09,https://images.pexels.com/photos/6371765/pexels-photo-6371765.jpeg,"{'color': 'tan', 'material': 'leather', 'occasion': 'casual'}"
245,Navy Heels (polyester blend),Shoes,"A navy heels made from polyester blend. Versatile, elegant, and suitable for semi-formal events. Lightweight, breathable, and tailored fit.",381.29,https://images.pexels.com/photos/10944886/pexels-photo-10944886.jpeg,"{'color': 'navy', 'material': 'polyester blend', 'occasion': 'casual'}"
246,Pink Heels (suede),Shoes,"A pink heels made from suede. Versatile, elegant, and suitable for semi-formal events. Lightweight, breathable, and tailored fit.",405.42,https://images.pexels.com/photos/618914/pexels-photo-618914.jpeg,"{'color': 'pink', 'material': 'suede', 'occasion': 'casual'}"
247,Tan Loafers (linen),Shoes,"A tan loafers made from linen. Versatile, elegant, and suitable for semi-formal events. Lightweight, breathable, and tailored fit.",40.74,https://images.pexels.com/photos/7188863/pexels-photo-7188863.jpeg,"{'color': 'tan', 'material': 'linen', 'occasion': 'casual'}"
248,Navy Loafers (leather),Shoes,"A navy loafers made from leather. Versatile, elegant, and suitable for semi-formal events. Lightweight, breathable, and tailored fit.",311.3,https://images.pexels.com/photos/35154296/pexels-photo-35154296.jpeg,"{'color': 'navy', 'material': 'leather', 'occasion': 'casual'}"
249,Black Heels (cotton),Shoes,"A black heels made from cotton. Versatile, elegant, and suitable for semi-formal events. Lightweight, breathable, and tailored fit.",198.27,https://images.pexels.com/photos/3550238/pexels-photo-3550238.jpeg,"{'color': 'black', 'material': 'cotton', 'occasion': 'casual'}"
250,Ivory Oxfords (cotton),Shoes,"A ivory oxfords made from cotton. Versatile, elegant, and suitable for semi-formal events. Lightweight, breathable, and tailored fit.",117.57,https://images.pexels.com/photos/14356241/pexels-photo-14356241.jpeg,"{'color': 'ivory', 'material': 'cotton', 'occasion': 'casual'}"
